algo,ratio,seed,learner,acc,prec,rec,f1,auc_roc,per_cluster_pruning_ratio
intelligent_pruning,0.2,82,LR,0.7962466487935657,0.3404255319148936,0.26229508196721313,0.2962962962962963,0.6502206809583858,0.5
intelligent_pruning,0.2,82,SVM,0.8016085790884718,0.35555555555555557,0.26229508196721313,0.30188679245283023,0.6601513240857502,0.5
intelligent_pruning,0.2,82,DT,0.7962466487935657,0.35294117647058826,0.29508196721311475,0.32142857142857145,0.5946563682219419,0.5
intelligent_pruning,0.4,82,LR,0.7882037533512064,0.32,0.26229508196721313,0.2882882882882883,0.6491698192517864,0.5
intelligent_pruning,0.4,82,SVM,0.7935656836461126,0.3333333333333333,0.26229508196721313,0.29357798165137616,0.6508511979823455,0.5
intelligent_pruning,0.4,82,DT,0.7962466487935657,0.3728813559322034,0.36065573770491804,0.3666666666666667,0.6210329970575872,0.5
intelligent_pruning,0.6,82,LR,0.7640750670241286,0.3246753246753247,0.4098360655737705,0.36231884057971014,0.6397646069777218,0.5
intelligent_pruning,0.6,82,SVM,0.7667560321715817,0.3088235294117647,0.3442622950819672,0.32558139534883723,0.635666246321984,0.5
intelligent_pruning,0.6,82,DT,0.7024128686327078,0.2727272727272727,0.4918032786885246,0.3508771929824561,0.6176965111391342,0.5
intelligent_pruning,0.8,82,LR,0.7506702412868632,0.313953488372093,0.4426229508196721,0.3673469387755102,0.6380044136191677,0.5
intelligent_pruning,0.8,82,SVM,0.7694369973190348,0.323943661971831,0.3770491803278688,0.34848484848484845,0.6314102564102564,0.5
intelligent_pruning,0.8,82,DT,0.6997319034852547,0.2702702702702703,0.4918032786885246,0.3488372093023256,0.61609394703657,0.5
intelligent_pruning,1.0,82,LR,0.7479892761394102,0.3103448275862069,0.4426229508196721,0.36486486486486486,0.6372425388818831,0.5
intelligent_pruning,1.0,82,SVM,0.7640750670241286,0.3150684931506849,0.3770491803278688,0.34328358208955223,0.6418137873055906,0.5
intelligent_pruning,1.0,82,DT,0.7024128686327078,0.2807017543859649,0.5245901639344263,0.36571428571428566,0.6308848255569568,0.5
intelligent_pruning,0.2,82,LR,0.7962466487935657,0.3404255319148936,0.26229508196721313,0.2962962962962963,0.6586801176965111,0.7
intelligent_pruning,0.2,82,SVM,0.7989276139410187,0.34782608695652173,0.26229508196721313,0.29906542056074764,0.6591004623791509,0.7
intelligent_pruning,0.2,82,DT,0.8016085790884718,0.3673469387755102,0.29508196721311475,0.32727272727272727,0.5978614964270702,0.7
intelligent_pruning,0.4,82,LR,0.7935656836461126,0.3333333333333333,0.26229508196721313,0.29357798165137616,0.6467528373266077,0.7
intelligent_pruning,0.4,82,SVM,0.7962466487935657,0.3404255319148936,0.26229508196721313,0.2962962962962963,0.6581021437578815,0.7
intelligent_pruning,0.4,82,DT,0.7989276139410187,0.38333333333333336,0.3770491803278688,0.38016528925619836,0.6292297183690626,0.7
intelligent_pruning,0.6,82,LR,0.7908847184986595,0.33962264150943394,0.29508196721311475,0.3157894736842105,0.6306221101303069,0.7
intelligent_pruning,0.6,82,SVM,0.7828418230563002,0.3076923076923077,0.26229508196721313,0.2831858407079646,0.6410256410256411,0.7
intelligent_pruning,0.6,82,DT,0.7721179624664879,0.3333333333333333,0.39344262295081966,0.3609022556390977,0.6197982345523328,0.7
intelligent_pruning,0.8,82,LR,0.7372654155495979,0.2967032967032967,0.4426229508196721,0.35526315789473684,0.6436527952921395,0.7
intelligent_pruning,0.8,82,SVM,0.7613941018766756,0.3157894736842105,0.39344262295081966,0.35036496350364965,0.6458070617906684,0.7
intelligent_pruning,0.8,82,DT,0.6970509383378016,0.2833333333333333,0.5573770491803278,0.37569060773480656,0.6408680117696511,0.7
intelligent_pruning,1.0,82,LR,0.7479892761394102,0.3103448275862069,0.4426229508196721,0.36486486486486486,0.6408680117696511,0.7
intelligent_pruning,1.0,82,SVM,0.7533512064343163,0.3037974683544304,0.39344262295081966,0.34285714285714286,0.651744430432955,0.7
intelligent_pruning,1.0,82,DT,0.6836461126005362,0.2682926829268293,0.5409836065573771,0.358695652173913,0.6262610340479192,0.7
intelligent_pruning,0.2,82,LR,0.8016085790884718,0.35555555555555557,0.26229508196721313,0.30188679245283023,0.6648276586801177,0.9
intelligent_pruning,0.2,82,SVM,0.7989276139410187,0.34782608695652173,0.26229508196721313,0.29906542056074764,0.6513766288356452,0.9
intelligent_pruning,0.2,82,DT,0.7935656836461126,0.34615384615384615,0.29508196721311475,0.3185840707964602,0.5930538041193778,0.9
intelligent_pruning,0.4,82,LR,0.8016085790884718,0.35555555555555557,0.26229508196721313,0.30188679245283023,0.6495376208490962,0.9
intelligent_pruning,0.4,82,SVM,0.8016085790884718,0.35555555555555557,0.26229508196721313,0.30188679245283023,0.6350357292980244,0.9
intelligent_pruning,0.4,82,DT,0.7962466487935657,0.35294117647058826,0.29508196721311475,0.32142857142857145,0.5946563682219419,0.9
intelligent_pruning,0.6,82,LR,0.7935656836461126,0.3333333333333333,0.26229508196721313,0.29357798165137616,0.6615699873896596,0.9
intelligent_pruning,0.6,82,SVM,0.7962466487935657,0.3404255319148936,0.26229508196721313,0.2962962962962963,0.6434426229508197,0.9
intelligent_pruning,0.6,82,DT,0.7855227882037533,0.32727272727272727,0.29508196721311475,0.3103448275862069,0.5882461118116855,0.9
intelligent_pruning,0.8,82,LR,0.7908847184986595,0.32653061224489793,0.26229508196721313,0.2909090909090909,0.678672761664565,0.9
intelligent_pruning,0.8,82,SVM,0.7882037533512064,0.32,0.26229508196721313,0.2882882882882883,0.6511139134089954,0.9
intelligent_pruning,0.8,82,DT,0.7774798927613941,0.31666666666666665,0.3114754098360656,0.3140495867768595,0.5900325767129047,0.9
intelligent_pruning,1.0,82,LR,0.774798927613941,0.2982456140350877,0.2786885245901639,0.288135593220339,0.653530895334174,0.9
intelligent_pruning,1.0,82,SVM,0.7801608579088471,0.3018867924528302,0.26229508196721313,0.28070175438596495,0.6365069356872636,0.9
intelligent_pruning,1.0,82,DT,0.7667560321715817,0.3142857142857143,0.36065573770491804,0.33587786259541985,0.6034047919293821,0.9
intelligent_pruning,0.2,82,LR,0.8016085790884718,0.35555555555555557,0.26229508196721313,0.30188679245283023,0.659205548549811,1.0
intelligent_pruning,0.2,82,SVM,0.7962466487935657,0.3404255319148936,0.26229508196721313,0.2962962962962963,0.644598570828079,1.0
intelligent_pruning,0.2,82,DT,0.7962466487935657,0.3584905660377358,0.3114754098360656,0.3333333333333333,0.6012505254308533,1.0
intelligent_pruning,0.4,82,LR,0.7989276139410187,0.34782608695652173,0.26229508196721313,0.29906542056074764,0.6517444304329549,1.0
intelligent_pruning,0.4,82,SVM,0.7989276139410187,0.34782608695652173,0.26229508196721313,0.29906542056074764,0.6264186633039092,1.0
intelligent_pruning,0.4,82,DT,0.7962466487935657,0.3584905660377358,0.3114754098360656,0.3333333333333333,0.6012505254308533,1.0
intelligent_pruning,0.6,82,LR,0.7935656836461126,0.3333333333333333,0.26229508196721313,0.29357798165137616,0.6712379150903741,1.0
intelligent_pruning,0.6,82,SVM,0.7908847184986595,0.32653061224489793,0.26229508196721313,0.2909090909090909,0.6398696931483817,1.0
intelligent_pruning,0.6,82,DT,0.7935656836461126,0.35185185185185186,0.3114754098360656,0.3304347826086957,0.5996479613282892,1.0
intelligent_pruning,0.8,82,LR,0.7908847184986595,0.32653061224489793,0.26229508196721313,0.2909090909090909,0.6832965531736024,1.0
intelligent_pruning,0.8,82,SVM,0.7828418230563002,0.3076923076923077,0.26229508196721313,0.2831858407079646,0.6203762084909625,1.0
intelligent_pruning,0.8,82,DT,0.7694369973190348,0.3076923076923077,0.32786885245901637,0.3174603174603175,0.5918190416141236,1.0
intelligent_pruning,1.0,82,LR,0.7426273458445041,0.30337078651685395,0.4426229508196721,0.36000000000000004,0.6309373686422868,1.0
intelligent_pruning,1.0,82,SVM,0.7721179624664879,0.3333333333333333,0.39344262295081966,0.3609022556390977,0.6423917612442203,1.0
intelligent_pruning,1.0,82,DT,0.707774798927614,0.2818181818181818,0.5081967213114754,0.3625730994152046,0.6274957965531737,1.0
intelligent_pruning,0.2,15,LR,0.7640750670241286,0.32,0.39344262295081966,0.3529411764705882,0.660597940311055,0.5
intelligent_pruning,0.2,15,SVM,0.7721179624664879,0.32857142857142857,0.3770491803278688,0.35114503816793896,0.649905422446406,0.5
intelligent_pruning,0.2,15,DT,0.7587131367292225,0.32098765432098764,0.4262295081967213,0.36619718309859156,0.6308060109289617,0.5
intelligent_pruning,0.4,15,LR,0.7533512064343163,0.3132530120481928,0.4262295081967213,0.3611111111111111,0.6567885666246321,0.5
intelligent_pruning,0.4,15,SVM,0.7453083109919572,0.2926829268292683,0.39344262295081966,0.3356643356643356,0.6374001681378731,0.5
intelligent_pruning,0.4,15,DT,0.7533512064343163,0.3258426966292135,0.47540983606557374,0.38666666666666666,0.6481715006305171,0.5
intelligent_pruning,0.6,15,LR,0.7184986595174263,0.28431372549019607,0.47540983606557374,0.35582822085889565,0.6499316939890709,0.5
intelligent_pruning,0.6,15,SVM,0.7131367292225201,0.2830188679245283,0.4918032786885246,0.35928143712574845,0.6068200924758302,0.5
intelligent_pruning,0.6,15,DT,0.6997319034852547,0.2702702702702703,0.4918032786885246,0.3488372093023256,0.6221626733921817,0.5
intelligent_pruning,0.8,15,LR,0.7050938337801609,0.27102803738317754,0.47540983606557374,0.3452380952380952,0.6486969314838167,0.5
intelligent_pruning,0.8,15,SVM,0.7024128686327078,0.2767857142857143,0.5081967213114754,0.3583815028901734,0.6051912568306012,0.5
intelligent_pruning,0.8,15,DT,0.6809651474530831,0.2661290322580645,0.5409836065573771,0.3567567567567567,0.6297288776796973,0.5
intelligent_pruning,1.0,15,LR,0.7024128686327078,0.2727272727272727,0.4918032786885246,0.3508771929824561,0.6543715846994536,0.5
intelligent_pruning,1.0,15,SVM,0.6970509383378016,0.2719298245614035,0.5081967213114754,0.35428571428571426,0.6131252627154267,0.5
intelligent_pruning,1.0,15,DT,0.6916890080428955,0.28225806451612906,0.5737704918032787,0.3783783783783784,0.6442570407734342,0.5
intelligent_pruning,0.2,15,LR,0.7667560321715817,0.32432432432432434,0.39344262295081966,0.3555555555555555,0.6622005044136192,0.7
intelligent_pruning,0.2,15,SVM,0.7721179624664879,0.32857142857142857,0.3770491803278688,0.35114503816793896,0.6431799075241698,0.7
intelligent_pruning,0.2,15,DT,0.7694369973190348,0.3333333333333333,0.4098360655737705,0.3676470588235294,0.6316729718369063,0.7
intelligent_pruning,0.4,15,LR,0.7694369973190348,0.3287671232876712,0.39344262295081966,0.3582089552238806,0.6587326607818411,0.7
intelligent_pruning,0.4,15,SVM,0.7694369973190348,0.323943661971831,0.3770491803278688,0.34848484848484845,0.6387662883564523,0.7
intelligent_pruning,0.4,15,DT,0.7560321715817694,0.32142857142857145,0.4426229508196721,0.3724137931034483,0.6366645649432535,0.7
intelligent_pruning,0.6,15,LR,0.7533512064343163,0.3176470588235294,0.4426229508196721,0.3698630136986301,0.6534258091635141,0.7
intelligent_pruning,0.6,15,SVM,0.7479892761394102,0.30120481927710846,0.4098360655737705,0.34722222222222227,0.6233711643547708,0.7
intelligent_pruning,0.6,15,DT,0.7453083109919572,0.3068181818181818,0.4426229508196721,0.3624161073825503,0.6301492223623372,0.7
intelligent_pruning,0.8,15,LR,0.7426273458445041,0.3076923076923077,0.45901639344262296,0.3684210526315789,0.6492223623371165,0.7
intelligent_pruning,0.8,15,SVM,0.7211796246648794,0.2871287128712871,0.47540983606557374,0.35802469135802467,0.6170134510298445,0.7
intelligent_pruning,0.8,15,DT,0.7211796246648794,0.29906542056074764,0.5245901639344263,0.380952380952381,0.6421027742749055,0.7
intelligent_pruning,1.0,15,LR,0.6970509383378016,0.26785714285714285,0.4918032786885246,0.3468208092485549,0.6451502732240437,0.7
intelligent_pruning,1.0,15,SVM,0.6702412868632708,0.25,0.5081967213114754,0.33513513513513515,0.5996216897856241,0.7
intelligent_pruning,1.0,15,DT,0.6407506702412868,0.25170068027210885,0.6065573770491803,0.3557692307692307,0.6269966372425388,0.7
intelligent_pruning,0.2,15,LR,0.7694369973190348,0.3287671232876712,0.39344262295081966,0.3582089552238806,0.6600987810004203,0.9
intelligent_pruning,0.2,15,SVM,0.774798927613941,0.3333333333333333,0.3770491803278688,0.3538461538461538,0.648224043715847,0.9
intelligent_pruning,0.2,15,DT,0.7640750670241286,0.3291139240506329,0.4262295081967213,0.3714285714285714,0.6340636822194199,0.9
intelligent_pruning,0.4,15,LR,0.7694369973190348,0.3287671232876712,0.39344262295081966,0.3582089552238806,0.6584699453551913,0.9
intelligent_pruning,0.4,15,SVM,0.7721179624664879,0.32857142857142857,0.3770491803278688,0.35114503816793896,0.6356662463219841,0.9
intelligent_pruning,0.4,15,DT,0.7640750670241286,0.3333333333333333,0.4426229508196721,0.38028169014084506,0.6415510718789408,0.9
intelligent_pruning,0.6,15,LR,0.7667560321715817,0.32894736842105265,0.4098360655737705,0.3649635036496351,0.6643022278268179,0.9
intelligent_pruning,0.6,15,SVM,0.7694369973190348,0.323943661971831,0.3770491803278688,0.34848484848484845,0.6522698612862547,0.9
intelligent_pruning,0.6,15,DT,0.7613941018766756,0.3333333333333333,0.45901639344262296,0.38620689655172413,0.6397646069777218,0.9
intelligent_pruning,0.8,15,LR,0.7587131367292225,0.3116883116883117,0.39344262295081966,0.34782608695652173,0.6635928961748633,0.9
intelligent_pruning,0.8,15,SVM,0.7667560321715817,0.32894736842105265,0.4098360655737705,0.3649635036496351,0.6489071038251366,0.9
intelligent_pruning,0.8,15,DT,0.7667560321715817,0.3488372093023256,0.4918032786885246,0.4081632653061224,0.6561580496006726,0.9
intelligent_pruning,1.0,15,LR,0.7533512064343163,0.30864197530864196,0.4098360655737705,0.352112676056338,0.6503257671290458,0.9
intelligent_pruning,1.0,15,SVM,0.7667560321715817,0.3333333333333333,0.4262295081967213,0.37410071942446044,0.6327238335435057,0.9
intelligent_pruning,1.0,15,DT,0.7560321715817694,0.32558139534883723,0.45901639344262296,0.380952380952381,0.6365594787725934,0.9
intelligent_pruning,0.2,15,LR,0.7667560321715817,0.3194444444444444,0.3770491803278688,0.3458646616541353,0.6596784363177806,1.0
intelligent_pruning,0.2,15,SVM,0.774798927613941,0.3333333333333333,0.3770491803278688,0.3538461538461538,0.6475935266918873,1.0
intelligent_pruning,0.2,15,DT,0.7613941018766756,0.32051282051282054,0.4098360655737705,0.35971223021582743,0.6267864649012189,1.0
intelligent_pruning,0.4,15,LR,0.7694369973190348,0.3287671232876712,0.39344262295081966,0.3582089552238806,0.6601513240857503,1.0
intelligent_pruning,0.4,15,SVM,0.774798927613941,0.3333333333333333,0.3770491803278688,0.3538461538461538,0.6435477091214795,1.0
intelligent_pruning,0.4,15,DT,0.7640750670241286,0.3291139240506329,0.4262295081967213,0.3714285714285714,0.6340636822194199,1.0
intelligent_pruning,0.6,15,LR,0.7694369973190348,0.3287671232876712,0.39344262295081966,0.3582089552238806,0.664302227826818,1.0
intelligent_pruning,0.6,15,SVM,0.7774798927613941,0.34285714285714286,0.39344262295081966,0.366412213740458,0.6545817570407735,1.0
intelligent_pruning,0.6,15,DT,0.7667560321715817,0.3375,0.4426229508196721,0.3829787234042554,0.6363755779739386,1.0
intelligent_pruning,0.8,15,LR,0.7694369973190348,0.3287671232876712,0.39344262295081966,0.3582089552238806,0.6576029844472467,1.0
intelligent_pruning,0.8,15,SVM,0.774798927613941,0.3380281690140845,0.39344262295081966,0.36363636363636365,0.6422866750735602,1.0
intelligent_pruning,0.8,15,DT,0.7560321715817694,0.32142857142857145,0.4426229508196721,0.3724137931034483,0.6299653215636822,1.0
intelligent_pruning,1.0,15,LR,0.7479892761394102,0.3058823529411765,0.4262295081967213,0.3561643835616438,0.6668768390079866,1.0
intelligent_pruning,1.0,15,SVM,0.6970509383378016,0.26785714285714285,0.4918032786885246,0.3468208092485549,0.6475409836065573,1.0
intelligent_pruning,1.0,15,DT,0.7453083109919572,0.31521739130434784,0.47540983606557374,0.3790849673202615,0.6367433795712485,1.0
intelligent_pruning,0.2,4,LR,0.710455764075067,0.28440366972477066,0.5081967213114754,0.3647058823529412,0.6348255569567045,0.5
intelligent_pruning,0.2,4,SVM,0.7238605898123325,0.29,0.47540983606557374,0.3602484472049689,0.6380306851618326,0.5
intelligent_pruning,0.2,4,DT,0.7024128686327078,0.28448275862068967,0.5409836065573771,0.3728813559322034,0.6487757461118117,0.5
intelligent_pruning,0.4,4,LR,0.6943699731903485,0.26956521739130435,0.5081967213114754,0.35227272727272724,0.639002732240437,0.5
intelligent_pruning,0.4,4,SVM,0.7024128686327078,0.2727272727272727,0.4918032786885246,0.3508771929824561,0.6399222362337117,0.5
intelligent_pruning,0.4,4,DT,0.675603217158177,0.2619047619047619,0.5409836065573771,0.35294117647058826,0.6322246742328709,0.5
intelligent_pruning,0.6,4,LR,0.6863270777479893,0.26666666666666666,0.5245901639344263,0.35359116022099446,0.6276271542664986,0.5
intelligent_pruning,0.6,4,SVM,0.675603217158177,0.2540983606557377,0.5081967213114754,0.3387978142076502,0.6312526271542664,0.5
intelligent_pruning,0.6,4,DT,0.6595174262734584,0.25735294117647056,0.5737704918032787,0.35532994923857864,0.6354298024379993,0.5
intelligent_pruning,0.8,4,LR,0.6353887399463807,0.23776223776223776,0.5573770491803278,0.3333333333333333,0.6216372425388819,0.5
intelligent_pruning,0.8,4,SVM,0.6407506702412868,0.23357664233576642,0.5245901639344263,0.3232323232323232,0.60708280790248,0.5
intelligent_pruning,0.8,4,DT,0.6273458445040214,0.24342105263157895,0.6065573770491803,0.3474178403755869,0.628704287515763,0.5
intelligent_pruning,1.0,4,LR,0.6327077747989276,0.2361111111111111,0.5573770491803278,0.3317073170731707,0.6223465741908365,0.5
intelligent_pruning,1.0,4,SVM,0.6246648793565683,0.22377622377622378,0.5245901639344263,0.3137254901960784,0.6068726355611601,0.5
intelligent_pruning,1.0,4,DT,0.6219839142091153,0.23333333333333334,0.5737704918032787,0.3317535545023696,0.6122583018074821,0.5
intelligent_pruning,0.2,4,LR,0.710455764075067,0.28440366972477066,0.5081967213114754,0.3647058823529412,0.6354035308953341,0.7
intelligent_pruning,0.2,4,SVM,0.7319034852546917,0.30303030303030304,0.4918032786885246,0.37499999999999994,0.6397120638923918,0.7
intelligent_pruning,0.2,4,DT,0.6997319034852547,0.28205128205128205,0.5409836065573771,0.37078651685393255,0.6471206389239177,0.7
intelligent_pruning,0.4,4,LR,0.710455764075067,0.28440366972477066,0.5081967213114754,0.3647058823529412,0.6358764186633038,0.7
intelligent_pruning,0.4,4,SVM,0.7131367292225201,0.2830188679245283,0.4918032786885246,0.35928143712574845,0.635718789407314,0.7
intelligent_pruning,0.4,4,DT,0.7050938337801609,0.2831858407079646,0.5245901639344263,0.367816091954023,0.6438629676334595,0.7
intelligent_pruning,0.6,4,LR,0.6890080428954424,0.26495726495726496,0.5081967213114754,0.348314606741573,0.6333806221101302,0.7
intelligent_pruning,0.6,4,SVM,0.7024128686327078,0.2767857142857143,0.5081967213114754,0.3583815028901734,0.6348781000420345,0.7
intelligent_pruning,0.6,4,DT,0.6943699731903485,0.2773109243697479,0.5409836065573771,0.3666666666666667,0.6438104245481295,0.7
intelligent_pruning,0.8,4,LR,0.6809651474530831,0.26229508196721313,0.5245901639344263,0.3497267759562842,0.6259457755359394,0.7
intelligent_pruning,0.8,4,SVM,0.6836461126005362,0.2605042016806723,0.5081967213114754,0.34444444444444444,0.630254308532997,0.7
intelligent_pruning,0.8,4,DT,0.67828418230563,0.2713178294573643,0.5737704918032787,0.36842105263157887,0.6470155527532576,0.7
intelligent_pruning,1.0,4,LR,0.6675603217158177,0.25196850393700787,0.5245901639344263,0.34042553191489366,0.6370323665405632,0.7
intelligent_pruning,1.0,4,SVM,0.6434316353887399,0.23134328358208955,0.5081967213114754,0.31794871794871793,0.6215846994535519,0.7
intelligent_pruning,1.0,4,DT,0.6407506702412868,0.25170068027210885,0.6065573770491803,0.3557692307692307,0.6369798234552333,0.7
intelligent_pruning,0.2,4,LR,0.7158176943699732,0.2897196261682243,0.5081967213114754,0.36904761904761896,0.6321458596048759,0.9
intelligent_pruning,0.2,4,SVM,0.7319034852546917,0.29896907216494845,0.47540983606557374,0.3670886075949367,0.6409730979403111,0.9
intelligent_pruning,0.2,4,DT,0.7024128686327078,0.2807017543859649,0.5245901639344263,0.36571428571428566,0.6422078604455654,0.9
intelligent_pruning,0.4,4,LR,0.7131367292225201,0.28703703703703703,0.5081967213114754,0.3668639053254438,0.6256830601092896,0.9
intelligent_pruning,0.4,4,SVM,0.7319034852546917,0.29896907216494845,0.47540983606557374,0.3670886075949367,0.6350882723833543,0.9
intelligent_pruning,0.4,4,DT,0.6943699731903485,0.2773109243697479,0.5409836065573771,0.3666666666666667,0.6438104245481295,0.9
intelligent_pruning,0.6,4,LR,0.707774798927614,0.2818181818181818,0.5081967213114754,0.3625730994152046,0.6288619167717528,0.9
intelligent_pruning,0.6,4,SVM,0.7184986595174263,0.28431372549019607,0.47540983606557374,0.35582822085889565,0.6407629255989912,0.9
intelligent_pruning,0.6,4,DT,0.7050938337801609,0.28695652173913044,0.5409836065573771,0.375,0.6504308532997058,0.9
intelligent_pruning,0.8,4,LR,0.6997319034852547,0.2743362831858407,0.5081967213114754,0.3563218390804598,0.6323560319461958,0.9
intelligent_pruning,0.8,4,SVM,0.7184986595174263,0.2962962962962963,0.5245901639344263,0.378698224852071,0.6348255569567044,0.9
intelligent_pruning,0.8,4,DT,0.707774798927614,0.3,0.5901639344262295,0.39779005524861877,0.6717896174863388,0.9
intelligent_pruning,1.0,4,LR,0.6970509383378016,0.27586206896551724,0.5245901639344263,0.36158192090395486,0.6289670029424128,0.9
intelligent_pruning,1.0,4,SVM,0.710455764075067,0.28440366972477066,0.5081967213114754,0.3647058823529412,0.6274695250105086,0.9
intelligent_pruning,1.0,4,DT,0.6890080428954424,0.2868217054263566,0.6065573770491803,0.3894736842105263,0.6667717528373266,0.9
intelligent_pruning,0.2,4,LR,0.7184986595174263,0.29245283018867924,0.5081967213114754,0.3712574850299401,0.6307271963009669,1.0
intelligent_pruning,0.2,4,SVM,0.7345844504021448,0.3020833333333333,0.47540983606557374,0.3694267515923566,0.6369272803699034,1.0
intelligent_pruning,0.2,4,DT,0.707774798927614,0.2857142857142857,0.5245901639344263,0.3699421965317919,0.6455180748213535,1.0
intelligent_pruning,0.4,4,LR,0.7158176943699732,0.2857142857142857,0.4918032786885246,0.3614457831325301,0.6255779739386297,1.0
intelligent_pruning,0.4,4,SVM,0.7372654155495979,0.30526315789473685,0.47540983606557374,0.3717948717948718,0.6340899537620849,1.0
intelligent_pruning,0.4,4,DT,0.6997319034852547,0.2782608695652174,0.5245901639344263,0.36363636363636365,0.6405527532576712,1.0
intelligent_pruning,0.6,4,LR,0.7050938337801609,0.27522935779816515,0.4918032786885246,0.35294117647058826,0.6275483396385035,1.0
intelligent_pruning,0.6,4,SVM,0.7319034852546917,0.29896907216494845,0.47540983606557374,0.3670886075949367,0.6429171920975201,1.0
intelligent_pruning,0.6,4,DT,0.710455764075067,0.29914529914529914,0.5737704918032787,0.3932584269662921,0.6668768390079867,1.0
intelligent_pruning,0.8,4,LR,0.6997319034852547,0.2702702702702703,0.4918032786885246,0.3488372093023256,0.6299390500210172,1.0
intelligent_pruning,0.8,4,SVM,0.7319034852546917,0.29896907216494845,0.47540983606557374,0.3670886075949367,0.6348255569567044,1.0
intelligent_pruning,0.8,4,DT,0.707774798927614,0.3,0.5901639344262295,0.39779005524861877,0.6717896174863388,1.0
intelligent_pruning,1.0,4,LR,0.7024128686327078,0.2767857142857143,0.5081967213114754,0.3583815028901734,0.6300178646490122,1.0
intelligent_pruning,1.0,4,SVM,0.7265415549597856,0.297029702970297,0.4918032786885246,0.3703703703703704,0.6267339218158889,1.0
intelligent_pruning,1.0,4,DT,0.6863270777479893,0.28125,0.5901639344262295,0.38095238095238093,0.6585487599831862,1.0
intelligent_pruning,0.2,95,LR,0.7560321715817694,0.32954545454545453,0.47540983606557374,0.38926174496644295,0.6781210592686002,0.5
intelligent_pruning,0.2,95,SVM,0.7613941018766756,0.3333333333333333,0.45901639344262296,0.38620689655172413,0.6603614964270702,0.5
intelligent_pruning,0.2,95,DT,0.7640750670241286,0.3516483516483517,0.5245901639344263,0.42105263157894746,0.6677437999159311,0.5
intelligent_pruning,0.4,95,LR,0.7533512064343163,0.3258426966292135,0.47540983606557374,0.38666666666666666,0.673234552332913,0.5
intelligent_pruning,0.4,95,SVM,0.7453083109919572,0.31521739130434784,0.47540983606557374,0.3790849673202615,0.6449663724253887,0.5
intelligent_pruning,0.4,95,DT,0.7533512064343163,0.3333333333333333,0.5081967213114754,0.40259740259740256,0.6547393862967633,0.5
intelligent_pruning,0.6,95,LR,0.7372654155495979,0.30927835051546393,0.4918032786885246,0.379746835443038,0.674968474148802,0.5
intelligent_pruning,0.6,95,SVM,0.7211796246648794,0.2912621359223301,0.4918032786885246,0.36585365853658536,0.644651113913409,0.5
intelligent_pruning,0.6,95,DT,0.7265415549597856,0.30097087378640774,0.5081967213114754,0.3780487804878048,0.6387137452711222,0.5
intelligent_pruning,0.8,95,LR,0.6863270777479893,0.2627118644067797,0.5081967213114754,0.3463687150837989,0.6648276586801177,0.5
intelligent_pruning,0.8,95,SVM,0.7024128686327078,0.2767857142857143,0.5081967213114754,0.3583815028901734,0.6458596048759984,0.5
intelligent_pruning,0.8,95,DT,0.6809651474530831,0.2734375,0.5737704918032787,0.37037037037037035,0.6378467843631778,0.5
intelligent_pruning,1.0,95,LR,0.7024128686327078,0.2807017543859649,0.5245901639344263,0.36571428571428566,0.6653005464480874,0.5
intelligent_pruning,1.0,95,SVM,0.707774798927614,0.2857142857142857,0.5245901639344263,0.3699421965317919,0.6468579234972678,0.5
intelligent_pruning,1.0,95,DT,0.67828418230563,0.2748091603053435,0.5901639344262295,0.37500000000000006,0.642838377469525,0.5
intelligent_pruning,0.2,95,LR,0.7533512064343163,0.3218390804597701,0.45901639344262296,0.3783783783783784,0.6789617486338797,0.7
intelligent_pruning,0.2,95,SVM,0.7613941018766756,0.3333333333333333,0.45901639344262296,0.38620689655172413,0.6574716267339219,0.7
intelligent_pruning,0.2,95,DT,0.7560321715817694,0.3404255319148936,0.5245901639344263,0.4129032258064516,0.6629361076082388,0.7
intelligent_pruning,0.4,95,LR,0.7587131367292225,0.3333333333333333,0.47540983606557374,0.39189189189189183,0.6757566204287515,0.7
intelligent_pruning,0.4,95,SVM,0.7587131367292225,0.3333333333333333,0.47540983606557374,0.39189189189189183,0.6558427910886927,0.7
intelligent_pruning,0.4,95,DT,0.7640750670241286,0.3516483516483517,0.5245901639344263,0.42105263157894746,0.6677437999159311,0.7
intelligent_pruning,0.6,95,LR,0.7587131367292225,0.33707865168539325,0.4918032786885246,0.39999999999999997,0.6759667927700714,0.7
intelligent_pruning,0.6,95,SVM,0.7533512064343163,0.3258426966292135,0.47540983606557374,0.38666666666666666,0.6562631357713324,0.7
intelligent_pruning,0.6,95,DT,0.7479892761394102,0.3263157894736842,0.5081967213114754,0.3974358974358974,0.6515342580916351,0.7
intelligent_pruning,0.8,95,LR,0.739946380697051,0.3125,0.4918032786885246,0.3821656050955414,0.6740226986128625,0.7
intelligent_pruning,0.8,95,SVM,0.7265415549597856,0.30097087378640774,0.5081967213114754,0.3780487804878048,0.6566834804539723,0.7
intelligent_pruning,0.8,95,DT,0.7319034852546917,0.3106796116504854,0.5245901639344263,0.39024390243902435,0.6485130306851619,0.7
intelligent_pruning,1.0,95,LR,0.6890080428954424,0.2689075630252101,0.5245901639344263,0.3555555555555555,0.6722362337116435,0.7
intelligent_pruning,1.0,95,SVM,0.710455764075067,0.2882882882882883,0.5245901639344263,0.3720930232558139,0.648276586801177,0.7
intelligent_pruning,1.0,95,DT,0.6648793565683646,0.26811594202898553,0.6065573770491803,0.37185929648241206,0.6414197141656158,0.7
intelligent_pruning,0.2,95,LR,0.7560321715817694,0.32558139534883723,0.45901639344262296,0.380952380952381,0.6776218999579655,0.9
intelligent_pruning,0.2,95,SVM,0.7613941018766756,0.3333333333333333,0.45901639344262296,0.38620689655172413,0.6609920134510298,0.9
intelligent_pruning,0.2,95,DT,0.7613941018766756,0.34782608695652173,0.5245901639344263,0.41830065359477125,0.666141235813367,0.9
intelligent_pruning,0.4,95,LR,0.7587131367292225,0.3333333333333333,0.47540983606557374,0.39189189189189183,0.6790668348045397,0.9
intelligent_pruning,0.4,95,SVM,0.7640750670241286,0.3411764705882353,0.47540983606557374,0.3972602739726027,0.6665615804960068,0.9
intelligent_pruning,0.4,95,DT,0.7506702412868632,0.32978723404255317,0.5081967213114754,0.4,0.6531368221941993,0.9
intelligent_pruning,0.6,95,LR,0.7587131367292225,0.33707865168539325,0.4918032786885246,0.39999999999999997,0.6786464901219,0.9
intelligent_pruning,0.6,95,SVM,0.7613941018766756,0.3372093023255814,0.47540983606557374,0.3945578231292517,0.6659836065573771,0.9
intelligent_pruning,0.6,95,DT,0.7453083109919572,0.33,0.5409836065573771,0.4099378881987578,0.6631200084068936,0.9
intelligent_pruning,0.8,95,LR,0.7533512064343163,0.3333333333333333,0.5081967213114754,0.40259740259740256,0.6772803699033206,0.9
intelligent_pruning,0.8,95,SVM,0.7587131367292225,0.33707865168539325,0.4918032786885246,0.39999999999999997,0.6615174443043293,0.9
intelligent_pruning,0.8,95,DT,0.7345844504021448,0.3137254901960784,0.5245901639344263,0.39263803680981596,0.6501155947877261,0.9
intelligent_pruning,1.0,95,LR,0.7506702412868632,0.32978723404255317,0.5081967213114754,0.4,0.6782786885245902,0.9
intelligent_pruning,1.0,95,SVM,0.7426273458445041,0.3118279569892473,0.47540983606557374,0.37662337662337664,0.6545292139554435,0.9
intelligent_pruning,1.0,95,DT,0.7238605898123325,0.3055555555555556,0.5409836065573771,0.3905325443786982,0.6502994955863808,0.9
intelligent_pruning,0.2,95,LR,0.7560321715817694,0.32558139534883723,0.45901639344262296,0.380952380952381,0.6795397225725095,1.0
intelligent_pruning,0.2,95,SVM,0.7613941018766756,0.32926829268292684,0.4426229508196721,0.3776223776223776,0.6632513661202185,1.0
intelligent_pruning,0.2,95,DT,0.7667560321715817,0.35555555555555557,0.5245901639344263,0.42384105960264906,0.6693463640184952,1.0
intelligent_pruning,0.4,95,LR,0.7560321715817694,0.32558139534883723,0.45901639344262296,0.380952380952381,0.6756515342580915,1.0
intelligent_pruning,0.4,95,SVM,0.7613941018766756,0.32926829268292684,0.4426229508196721,0.3776223776223776,0.6686633039092056,1.0
intelligent_pruning,0.4,95,DT,0.7479892761394102,0.3263157894736842,0.5081967213114754,0.3974358974358974,0.6515342580916351,1.0
intelligent_pruning,0.6,95,LR,0.7533512064343163,0.32967032967032966,0.4918032786885246,0.3947368421052631,0.6786990332072298,1.0
intelligent_pruning,0.6,95,SVM,0.7560321715817694,0.32558139534883723,0.45901639344262296,0.380952380952381,0.6764922236233711,1.0
intelligent_pruning,0.6,95,DT,0.7426273458445041,0.3300970873786408,0.5573770491803278,0.4146341463414634,0.6681116015132409,1.0
intelligent_pruning,0.8,95,LR,0.7533512064343163,0.32967032967032966,0.4918032786885246,0.3947368421052631,0.6763871374527113,1.0
intelligent_pruning,0.8,95,SVM,0.7506702412868632,0.3181818181818182,0.45901639344262296,0.37583892617449666,0.6703446826397647,1.0
intelligent_pruning,0.8,95,DT,0.7479892761394102,0.3333333333333333,0.5409836065573771,0.4125,0.6647225725094578,1.0
intelligent_pruning,1.0,95,LR,0.7506702412868632,0.32608695652173914,0.4918032786885246,0.39215686274509803,0.6759667927700715,1.0
intelligent_pruning,1.0,95,SVM,0.7453083109919572,0.3111111111111111,0.45901639344262296,0.3708609271523179,0.6614649012189996,1.0
intelligent_pruning,1.0,95,DT,0.6997319034852547,0.2892561983471074,0.5737704918032787,0.3846153846153846,0.6490647330811266,1.0
intelligent_pruning,0.2,36,LR,0.7989276139410187,0.34782608695652173,0.26229508196721313,0.29906542056074764,0.6561843211433376,0.5
intelligent_pruning,0.2,36,SVM,0.7989276139410187,0.3157894736842105,0.19672131147540983,0.24242424242424243,0.6531630937368642,0.5
intelligent_pruning,0.2,36,DT,0.7962466487935657,0.3469387755102041,0.2786885245901639,0.3090909090909091,0.5880622110130308,0.5
intelligent_pruning,0.4,36,LR,0.7962466487935657,0.3404255319148936,0.26229508196721313,0.2962962962962963,0.657261454392602,0.5
intelligent_pruning,0.4,36,SVM,0.8042895442359249,0.375,0.29508196721311475,0.3302752293577982,0.6504833963850357,0.5
intelligent_pruning,0.4,36,DT,0.7908847184986595,0.3333333333333333,0.2786885245901639,0.30357142857142855,0.5848570828079025,0.5
intelligent_pruning,0.6,36,LR,0.7640750670241286,0.3246753246753247,0.4098360655737705,0.36231884057971014,0.6505622110130307,0.5
intelligent_pruning,0.6,36,SVM,0.774798927613941,0.3380281690140845,0.39344262295081966,0.36363636363636365,0.6311475409836066,0.5
intelligent_pruning,0.6,36,DT,0.7319034852546917,0.2903225806451613,0.4426229508196721,0.3506493506493507,0.6155422446406054,0.5
intelligent_pruning,0.8,36,LR,0.7640750670241286,0.3333333333333333,0.4426229508196721,0.38028169014084506,0.6472519966372424,0.5
intelligent_pruning,0.8,36,SVM,0.7694369973190348,0.3333333333333333,0.4098360655737705,0.3676470588235294,0.6253152585119798,0.5
intelligent_pruning,0.8,36,DT,0.7184986595174263,0.2755102040816326,0.4426229508196721,0.3396226415094339,0.6075294241277848,0.5
intelligent_pruning,1.0,36,LR,0.7587131367292225,0.32098765432098764,0.4262295081967213,0.36619718309859156,0.650036780159731,0.5
intelligent_pruning,1.0,36,SVM,0.7533512064343163,0.30864197530864196,0.4098360655737705,0.352112676056338,0.6317780580075661,0.5
intelligent_pruning,1.0,36,DT,0.7184986595174263,0.28846153846153844,0.4918032786885246,0.3636363636363636,0.6273118957545187,0.5
intelligent_pruning,0.2,36,LR,0.8016085790884718,0.3488372093023256,0.2459016393442623,0.28846153846153844,0.6291509037410676,0.7
intelligent_pruning,0.2,36,SVM,0.8042895442359249,0.34210526315789475,0.21311475409836064,0.26262626262626265,0.6576292559899117,0.7
intelligent_pruning,0.2,36,DT,0.8016085790884718,0.3617021276595745,0.2786885245901639,0.3148148148148148,0.5912673392181589,0.7
intelligent_pruning,0.4,36,LR,0.8016085790884718,0.3617021276595745,0.2786885245901639,0.3148148148148148,0.6699243379571248,0.7
intelligent_pruning,0.4,36,SVM,0.806970509383378,0.37209302325581395,0.26229508196721313,0.30769230769230765,0.6451765447667087,0.7
intelligent_pruning,0.4,36,DT,0.8016085790884718,0.37254901960784315,0.3114754098360656,0.3392857142857143,0.6044556536359816,0.7
intelligent_pruning,0.6,36,LR,0.7989276139410187,0.36538461538461536,0.3114754098360656,0.336283185840708,0.6641708701134931,0.7
intelligent_pruning,0.6,36,SVM,0.806970509383378,0.3877551020408163,0.3114754098360656,0.34545454545454546,0.6460172341319882,0.7
intelligent_pruning,0.6,36,DT,0.7935656836461126,0.35185185185185186,0.3114754098360656,0.3304347826086957,0.5996479613282892,0.7
intelligent_pruning,0.8,36,LR,0.7560321715817694,0.3076923076923077,0.39344262295081966,0.34532374100719426,0.6395018915510718,0.7
intelligent_pruning,0.8,36,SVM,0.7640750670241286,0.3246753246753247,0.4098360655737705,0.36231884057971014,0.6262610340479193,0.7
intelligent_pruning,0.8,36,DT,0.710455764075067,0.26262626262626265,0.4262295081967213,0.32500000000000007,0.5961275746111812,0.7
intelligent_pruning,1.0,36,LR,0.7211796246648794,0.27835051546391754,0.4426229508196721,0.3417721518987342,0.6330916351408155,0.7
intelligent_pruning,1.0,36,SVM,0.6809651474530831,0.25,0.47540983606557374,0.327683615819209,0.5858028583438419,0.7
intelligent_pruning,1.0,36,DT,0.6621983914209115,0.2556390977443609,0.5573770491803278,0.35051546391752575,0.6200346784363178,0.7
intelligent_pruning,0.2,36,LR,0.7989276139410187,0.3333333333333333,0.22950819672131148,0.2718446601941748,0.6228457335014711,0.9
intelligent_pruning,0.2,36,SVM,0.8016085790884718,0.32432432432432434,0.19672131147540983,0.24489795918367346,0.6504833963850357,0.9
intelligent_pruning,0.2,36,DT,0.8042895442359249,0.3695652173913043,0.2786885245901639,0.3177570093457944,0.592869903320723,0.9
intelligent_pruning,0.4,36,LR,0.8042895442359249,0.36363636363636365,0.26229508196721313,0.30476190476190484,0.6489596469104666,0.9
intelligent_pruning,0.4,36,SVM,0.806970509383378,0.34285714285714286,0.19672131147540983,0.25,0.6478562421185372,0.9
intelligent_pruning,0.4,36,DT,0.7962466487935657,0.3469387755102041,0.2786885245901639,0.3090909090909091,0.5880622110130308,0.9
intelligent_pruning,0.6,36,LR,0.806970509383378,0.37777777777777777,0.2786885245901639,0.32075471698113206,0.6196931483816729,0.9
intelligent_pruning,0.6,36,SVM,0.8042895442359249,0.34210526315789475,0.21311475409836064,0.26262626262626265,0.6477511559478774,0.9
intelligent_pruning,0.6,36,DT,0.7962466487935657,0.3469387755102041,0.2786885245901639,0.3090909090909091,0.5880622110130308,0.9
intelligent_pruning,0.8,36,LR,0.806970509383378,0.37777777777777777,0.2786885245901639,0.32075471698113206,0.6454918032786885,0.9
intelligent_pruning,0.8,36,SVM,0.8150134048257373,0.39473684210526316,0.2459016393442623,0.30303030303030304,0.6599411517444305,0.9
intelligent_pruning,0.8,36,DT,0.8042895442359249,0.39285714285714285,0.36065573770491804,0.37606837606837606,0.6258406893652795,0.9
intelligent_pruning,1.0,36,LR,0.7962466487935657,0.3584905660377358,0.3114754098360656,0.3333333333333333,0.6322509457755358,0.9
intelligent_pruning,1.0,36,SVM,0.7935656836461126,0.34,0.2786885245901639,0.30630630630630634,0.6041929382093316,0.9
intelligent_pruning,1.0,36,DT,0.7667560321715817,0.3142857142857143,0.36065573770491804,0.33587786259541985,0.6034047919293821,0.9
intelligent_pruning,0.2,36,LR,0.8016085790884718,0.34146341463414637,0.22950819672131148,0.27450980392156865,0.62505254308533,1.0
intelligent_pruning,0.2,36,SVM,0.8016085790884718,0.32432432432432434,0.19672131147540983,0.24489795918367346,0.6462799495586381,1.0
intelligent_pruning,0.2,36,DT,0.8042895442359249,0.36363636363636365,0.26229508196721313,0.30476190476190484,0.5862757461118117,1.0
intelligent_pruning,0.4,36,LR,0.7962466487935657,0.3170731707317073,0.21311475409836064,0.2549019607843137,0.6294661622530475,1.0
intelligent_pruning,0.4,36,SVM,0.8123324396782842,0.36363636363636365,0.19672131147540983,0.2553191489361702,0.6440731399747792,1.0
intelligent_pruning,0.4,36,DT,0.8016085790884718,0.35555555555555557,0.26229508196721313,0.30188679245283023,0.5846731820092477,1.0
intelligent_pruning,0.6,36,LR,0.7962466487935657,0.3170731707317073,0.21311475409836064,0.2549019607843137,0.6275220680958387,1.0
intelligent_pruning,0.6,36,SVM,0.806970509383378,0.34285714285714286,0.19672131147540983,0.25,0.64281210592686,1.0
intelligent_pruning,0.6,36,DT,0.8016085790884718,0.3617021276595745,0.2786885245901639,0.3148148148148148,0.5912673392181589,1.0
intelligent_pruning,0.8,36,LR,0.7989276139410187,0.3409090909090909,0.2459016393442623,0.2857142857142857,0.6258932324506096,1.0
intelligent_pruning,0.8,36,SVM,0.8042895442359249,0.3333333333333333,0.19672131147540983,0.24742268041237114,0.637452711223203,1.0
intelligent_pruning,0.8,36,DT,0.7882037533512064,0.3392857142857143,0.3114754098360656,0.3247863247863248,0.596442833123161,1.0
intelligent_pruning,1.0,36,LR,0.7560321715817694,0.32142857142857145,0.4426229508196721,0.3724137931034483,0.6405790248003362,1.0
intelligent_pruning,1.0,36,SVM,0.7613941018766756,0.32051282051282054,0.4098360655737705,0.35971223021582743,0.6190100882723834,1.0
intelligent_pruning,1.0,36,DT,0.7211796246648794,0.29523809523809524,0.5081967213114754,0.3734939759036145,0.635508617065994,1.0
intelligent_pruning,0.2,32,LR,0.7265415549597856,0.29292929292929293,0.47540983606557374,0.3625,0.66958280790248,0.5
intelligent_pruning,0.2,32,SVM,0.7345844504021448,0.2978723404255319,0.45901639344262296,0.3612903225806451,0.659047919293821,0.5
intelligent_pruning,0.2,32,DT,0.7184986595174263,0.28846153846153844,0.4918032786885246,0.3636363636363636,0.6273118957545187,0.5
intelligent_pruning,0.4,32,LR,0.7158176943699732,0.2815533980582524,0.47540983606557374,0.3536585365853659,0.6597047078604455,0.5
intelligent_pruning,0.4,32,SVM,0.7319034852546917,0.29473684210526313,0.45901639344262296,0.358974358974359,0.6531630937368642,0.5
intelligent_pruning,0.4,32,DT,0.7158176943699732,0.2857142857142857,0.4918032786885246,0.3614457831325301,0.6257093316519546,0.5
intelligent_pruning,0.6,32,LR,0.7024128686327078,0.2727272727272727,0.4918032786885246,0.3508771929824561,0.6539775115594788,0.5
intelligent_pruning,0.6,32,SVM,0.710455764075067,0.2761904761904762,0.47540983606557374,0.34939759036144574,0.6405002101723414,0.5
intelligent_pruning,0.6,32,DT,0.6836461126005362,0.2682926829268293,0.5409836065573771,0.358695652173913,0.6262610340479192,0.5
intelligent_pruning,0.8,32,LR,0.6890080428954424,0.2608695652173913,0.4918032786885246,0.34090909090909094,0.6452553593947037,0.5
intelligent_pruning,0.8,32,SVM,0.6863270777479893,0.2543859649122807,0.47540983606557374,0.33142857142857146,0.6265762925598991,0.5
intelligent_pruning,0.8,32,DT,0.5978552278820375,0.21656050955414013,0.5573770491803278,0.3119266055045872,0.5815731399747793,0.5
intelligent_pruning,1.0,32,LR,0.6997319034852547,0.2782608695652174,0.5245901639344263,0.36363636363636365,0.6449138293400589,0.5
intelligent_pruning,1.0,32,SVM,0.6621983914209115,0.24,0.4918032786885246,0.3225806451612903,0.6202185792349726,0.5
intelligent_pruning,1.0,32,DT,0.6032171581769437,0.2229299363057325,0.5737704918032787,0.3211009174311927,0.5913724253888188,0.5
intelligent_pruning,0.2,32,LR,0.7184986595174263,0.28,0.45901639344262296,0.34782608695652173,0.6648539302227826,0.7
intelligent_pruning,0.2,32,SVM,0.7372654155495979,0.29213483146067415,0.4262295081967213,0.3466666666666666,0.6584174022698612,0.7
intelligent_pruning,0.2,32,DT,0.710455764075067,0.2761904761904762,0.47540983606557374,0.34939759036144574,0.615910046237915,0.7
intelligent_pruning,0.4,32,LR,0.7184986595174263,0.28431372549019607,0.47540983606557374,0.35582822085889565,0.6633827238335435,0.7
intelligent_pruning,0.4,32,SVM,0.7319034852546917,0.29473684210526313,0.45901639344262296,0.358974358974359,0.658785203867171,0.7
intelligent_pruning,0.4,32,DT,0.7184986595174263,0.28846153846153844,0.4918032786885246,0.3636363636363636,0.6273118957545187,0.7
intelligent_pruning,0.6,32,LR,0.7184986595174263,0.28846153846153844,0.4918032786885246,0.3636363636363636,0.6591267339218159,0.7
intelligent_pruning,0.6,32,SVM,0.7211796246648794,0.2871287128712871,0.47540983606557374,0.35802469135802467,0.644651113913409,0.7
intelligent_pruning,0.6,32,DT,0.7050938337801609,0.27522935779816515,0.4918032786885246,0.35294117647058826,0.6192990752416981,0.7
intelligent_pruning,0.8,32,LR,0.707774798927614,0.2818181818181818,0.5081967213114754,0.3625730994152046,0.6647488440521228,0.7
intelligent_pruning,0.8,32,SVM,0.7131367292225201,0.2830188679245283,0.4918032786885246,0.35928143712574845,0.6433375367801596,0.7
intelligent_pruning,0.8,32,DT,0.6863270777479893,0.2627118644067797,0.5081967213114754,0.3463687150837989,0.6146752837326608,0.7
intelligent_pruning,1.0,32,LR,0.6890080428954424,0.26495726495726496,0.5081967213114754,0.348314606741573,0.6546343001261034,0.7
intelligent_pruning,1.0,32,SVM,0.6890080428954424,0.2689075630252101,0.5245901639344263,0.3555555555555555,0.6242118537200505,0.7
intelligent_pruning,1.0,32,DT,0.6219839142091153,0.22972972972972974,0.5573770491803278,0.3253588516746412,0.5959962168978562,0.7
intelligent_pruning,0.2,32,LR,0.7184986595174263,0.28,0.45901639344262296,0.34782608695652173,0.6682166876839007,0.9
intelligent_pruning,0.2,32,SVM,0.7372654155495979,0.29213483146067415,0.4262295081967213,0.3466666666666666,0.6621479613282891,0.9
intelligent_pruning,0.2,32,DT,0.7131367292225201,0.27884615384615385,0.47540983606557374,0.3515151515151515,0.6175126103404791,0.9
intelligent_pruning,0.4,32,LR,0.7184986595174263,0.28,0.45901639344262296,0.34782608695652173,0.6678488860865909,0.9
intelligent_pruning,0.4,32,SVM,0.7372654155495979,0.2967032967032967,0.4426229508196721,0.35526315789473684,0.6545817570407734,0.9
intelligent_pruning,0.4,32,DT,0.7158176943699732,0.2857142857142857,0.4918032786885246,0.3614457831325301,0.6257093316519546,0.9
intelligent_pruning,0.6,32,LR,0.7184986595174263,0.28431372549019607,0.47540983606557374,0.35582822085889565,0.6743116855821774,0.9
intelligent_pruning,0.6,32,SVM,0.7372654155495979,0.3010752688172043,0.45901639344262296,0.36363636363636365,0.6550021017234132,0.9
intelligent_pruning,0.6,32,DT,0.6997319034852547,0.26605504587155965,0.47540983606557374,0.34117647058823525,0.6094997898276586,0.9
intelligent_pruning,0.8,32,LR,0.7158176943699732,0.2857142857142857,0.4918032786885246,0.3614457831325301,0.6760193358554014,0.9
intelligent_pruning,0.8,32,SVM,0.7292225201072386,0.29591836734693877,0.47540983606557374,0.36477987421383645,0.6496427070197562,0.9
intelligent_pruning,0.8,32,DT,0.6997319034852547,0.2702702702702703,0.4918032786885246,0.3488372093023256,0.61609394703657,0.9
intelligent_pruning,1.0,32,LR,0.707774798927614,0.27358490566037735,0.47540983606557374,0.3473053892215569,0.669556536359815,0.9
intelligent_pruning,1.0,32,SVM,0.7131367292225201,0.28703703703703703,0.5081967213114754,0.3668639053254438,0.637400168137873,0.9
intelligent_pruning,1.0,32,DT,0.6702412868632708,0.25396825396825395,0.5245901639344263,0.3422459893048128,0.6116540563261875,0.9
intelligent_pruning,0.2,32,LR,0.7184986595174263,0.28,0.45901639344262296,0.34782608695652173,0.667848886086591,1.0
intelligent_pruning,0.2,32,SVM,0.7372654155495979,0.29213483146067415,0.4262295081967213,0.3466666666666666,0.6636191677175284,1.0
intelligent_pruning,0.2,32,DT,0.7184986595174263,0.28431372549019607,0.47540983606557374,0.35582822085889565,0.6207177385456073,1.0
intelligent_pruning,0.4,32,LR,0.7184986595174263,0.28,0.45901639344262296,0.34782608695652173,0.6683217738545607,1.0
intelligent_pruning,0.4,32,SVM,0.7345844504021448,0.28888888888888886,0.4262295081967213,0.3443708609271523,0.6602564102564104,1.0
intelligent_pruning,0.4,32,DT,0.707774798927614,0.27358490566037735,0.47540983606557374,0.3473053892215569,0.6143074821353509,1.0
intelligent_pruning,0.6,32,LR,0.7184986595174263,0.28,0.45901639344262296,0.34782608695652173,0.6704760403530895,1.0
intelligent_pruning,0.6,32,SVM,0.7345844504021448,0.29347826086956524,0.4426229508196721,0.35294117647058826,0.6514817150063051,1.0
intelligent_pruning,0.6,32,DT,0.7024128686327078,0.26851851851851855,0.47540983606557374,0.3431952662721894,0.6111023539302227,1.0
intelligent_pruning,0.8,32,LR,0.7131367292225201,0.27884615384615385,0.47540983606557374,0.3515151515151515,0.6748371164354771,1.0
intelligent_pruning,0.8,32,SVM,0.7292225201072386,0.2872340425531915,0.4426229508196721,0.3483870967741936,0.644703656998739,1.0
intelligent_pruning,0.8,32,DT,0.6943699731903485,0.26126126126126126,0.47540983606557374,0.3372093023255814,0.6062946616225304,1.0
intelligent_pruning,1.0,32,LR,0.710455764075067,0.2761904761904762,0.47540983606557374,0.34939759036144574,0.6751261034047918,1.0
intelligent_pruning,1.0,32,SVM,0.7158176943699732,0.2897196261682243,0.5081967213114754,0.36904761904761896,0.6379781420765028,1.0
intelligent_pruning,1.0,32,DT,0.6863270777479893,0.2627118644067797,0.5081967213114754,0.3463687150837989,0.6146752837326608,1.0
intelligent_pruning,0.2,29,LR,0.7131367292225201,0.2909090909090909,0.5245901639344263,0.3742690058479532,0.6456494325346784,0.5
intelligent_pruning,0.2,29,SVM,0.7131367292225201,0.2830188679245283,0.4918032786885246,0.35928143712574845,0.6532156368221942,0.5
intelligent_pruning,0.2,29,DT,0.7050938337801609,0.2905982905982906,0.5573770491803278,0.38202247191011235,0.6456757040773435,0.5
intelligent_pruning,0.4,29,LR,0.710455764075067,0.2882882882882883,0.5245901639344263,0.3720930232558139,0.6404476670870114,0.5
intelligent_pruning,0.4,29,SVM,0.7131367292225201,0.2830188679245283,0.4918032786885246,0.35928143712574845,0.6443883984867591,0.5
intelligent_pruning,0.4,29,DT,0.7024128686327078,0.288135593220339,0.5573770491803278,0.37988826815642457,0.6440731399747793,0.5
intelligent_pruning,0.6,29,LR,0.7158176943699732,0.2972972972972973,0.5409836065573771,0.38372093023255816,0.6432849936948296,0.5
intelligent_pruning,0.6,29,SVM,0.710455764075067,0.2761904761904762,0.47540983606557374,0.34939759036144574,0.6494325346784363,0.5
intelligent_pruning,0.6,29,DT,0.7050938337801609,0.2905982905982906,0.5573770491803278,0.38202247191011235,0.6456757040773435,0.5
intelligent_pruning,0.8,29,LR,0.7158176943699732,0.2972972972972973,0.5409836065573771,0.38372093023255816,0.6443883984867591,0.5
intelligent_pruning,0.8,29,SVM,0.7131367292225201,0.28703703703703703,0.5081967213114754,0.3668639053254438,0.6497477931904161,0.5
intelligent_pruning,0.8,29,DT,0.710455764075067,0.29914529914529914,0.5737704918032787,0.3932584269662921,0.6554749894913829,0.5
intelligent_pruning,1.0,29,LR,0.710455764075067,0.2920353982300885,0.5409836065573771,0.37931034482758624,0.6440205968894493,0.5
intelligent_pruning,1.0,29,SVM,0.7050938337801609,0.27522935779816515,0.4918032786885246,0.35294117647058826,0.6433375367801597,0.5
intelligent_pruning,1.0,29,DT,0.7024128686327078,0.2916666666666667,0.5737704918032787,0.38674033149171266,0.6506672971836907,0.5
intelligent_pruning,0.2,29,LR,0.7131367292225201,0.2909090909090909,0.5245901639344263,0.3742690058479532,0.6418663303909206,0.7
intelligent_pruning,0.2,29,SVM,0.7158176943699732,0.2897196261682243,0.5081967213114754,0.36904761904761896,0.6538461538461539,0.7
intelligent_pruning,0.2,29,DT,0.707774798927614,0.29310344827586204,0.5573770491803278,0.38418079096045193,0.6472782681799075,0.7
intelligent_pruning,0.4,29,LR,0.707774798927614,0.2857142857142857,0.5245901639344263,0.3699421965317919,0.6441782261454393,0.7
intelligent_pruning,0.4,29,SVM,0.710455764075067,0.28440366972477066,0.5081967213114754,0.3647058823529412,0.6519546027742749,0.7
intelligent_pruning,0.4,29,DT,0.707774798927614,0.2966101694915254,0.5737704918032787,0.3910614525139665,0.6538724253888188,0.7
intelligent_pruning,0.6,29,LR,0.7131367292225201,0.29464285714285715,0.5409836065573771,0.38150289017341044,0.6442833123160991,0.7
intelligent_pruning,0.6,29,SVM,0.710455764075067,0.2803738317757009,0.4918032786885246,0.3571428571428571,0.6494850777637663,0.7
intelligent_pruning,0.6,29,DT,0.707774798927614,0.29310344827586204,0.5573770491803278,0.38418079096045193,0.6472782681799075,0.7
intelligent_pruning,0.8,29,LR,0.7131367292225201,0.29464285714285715,0.5409836065573771,0.38150289017341044,0.6444409415720891,0.7
intelligent_pruning,0.8,29,SVM,0.7050938337801609,0.27927927927927926,0.5081967213114754,0.3604651162790698,0.6502206809583859,0.7
intelligent_pruning,0.8,29,DT,0.6970509383378016,0.28688524590163933,0.5737704918032787,0.3825136612021858,0.6474621689785625,0.7
intelligent_pruning,1.0,29,LR,0.7131367292225201,0.2982456140350877,0.5573770491803278,0.3885714285714285,0.6464375788146279,0.7
intelligent_pruning,1.0,29,SVM,0.7050938337801609,0.2831858407079646,0.5245901639344263,0.367816091954023,0.6474884405212273,0.7
intelligent_pruning,1.0,29,DT,0.6916890080428955,0.28225806451612906,0.5737704918032787,0.3783783783783784,0.6442570407734342,0.7
intelligent_pruning,0.2,29,LR,0.7158176943699732,0.29357798165137616,0.5245901639344263,0.37647058823529417,0.6420765027322403,0.9
intelligent_pruning,0.2,29,SVM,0.710455764075067,0.2803738317757009,0.4918032786885246,0.3571428571428571,0.6493274485077762,0.9
intelligent_pruning,0.2,29,DT,0.7024128686327078,0.288135593220339,0.5573770491803278,0.37988826815642457,0.6440731399747793,0.9
intelligent_pruning,0.4,29,LR,0.7184986595174263,0.2962962962962963,0.5245901639344263,0.378698224852071,0.6430222782681799,0.9
intelligent_pruning,0.4,29,SVM,0.710455764075067,0.2761904761904762,0.47540983606557374,0.34939759036144574,0.6491698192517865,0.9
intelligent_pruning,0.4,29,DT,0.7050938337801609,0.2905982905982906,0.5573770491803278,0.38202247191011235,0.6456757040773435,0.9
intelligent_pruning,0.6,29,LR,0.7131367292225201,0.29464285714285715,0.5409836065573771,0.38150289017341044,0.6462799495586381,0.9
intelligent_pruning,0.6,29,SVM,0.7050938337801609,0.27522935779816515,0.4918032786885246,0.35294117647058826,0.6525851197982345,0.9
intelligent_pruning,0.6,29,DT,0.6943699731903485,0.2809917355371901,0.5573770491803278,0.3736263736263737,0.639265447667087,0.9
intelligent_pruning,0.8,29,LR,0.7131367292225201,0.2982456140350877,0.5573770491803278,0.3885714285714285,0.6472782681799075,0.9
intelligent_pruning,0.8,29,SVM,0.710455764075067,0.2882882882882883,0.5245901639344263,0.3720930232558139,0.6566834804539723,0.9
intelligent_pruning,0.8,29,DT,0.6943699731903485,0.2809917355371901,0.5573770491803278,0.3736263736263737,0.639265447667087,0.9
intelligent_pruning,1.0,29,LR,0.707774798927614,0.29310344827586204,0.5573770491803278,0.38418079096045193,0.6489596469104666,0.9
intelligent_pruning,1.0,29,SVM,0.6997319034852547,0.2782608695652174,0.5245901639344263,0.36363636363636365,0.6496952501050861,0.9
intelligent_pruning,1.0,29,DT,0.6943699731903485,0.2809917355371901,0.5573770491803278,0.3736263736263737,0.639265447667087,0.9
intelligent_pruning,0.2,29,LR,0.7184986595174263,0.2962962962962963,0.5245901639344263,0.378698224852071,0.6419188734762505,1.0
intelligent_pruning,0.2,29,SVM,0.7131367292225201,0.2830188679245283,0.4918032786885246,0.35928143712574845,0.6494850777637663,1.0
intelligent_pruning,0.2,29,DT,0.7050938337801609,0.2905982905982906,0.5573770491803278,0.38202247191011235,0.6456757040773435,1.0
intelligent_pruning,0.4,29,LR,0.7131367292225201,0.2909090909090909,0.5245901639344263,0.3742690058479532,0.6423917612442203,1.0
intelligent_pruning,0.4,29,SVM,0.707774798927614,0.27358490566037735,0.47540983606557374,0.3473053892215569,0.6453867171080285,1.0
intelligent_pruning,0.4,29,DT,0.707774798927614,0.29310344827586204,0.5573770491803278,0.38418079096045193,0.6472782681799075,1.0
intelligent_pruning,0.6,29,LR,0.7158176943699732,0.2972972972972973,0.5409836065573771,0.38372093023255816,0.6438104245481295,1.0
intelligent_pruning,0.6,29,SVM,0.710455764075067,0.28440366972477066,0.5081967213114754,0.3647058823529412,0.6490121899957966,1.0
intelligent_pruning,0.6,29,DT,0.6970509383378016,0.28688524590163933,0.5737704918032787,0.3825136612021858,0.6474621689785625,1.0
intelligent_pruning,0.8,29,LR,0.7158176943699732,0.3008849557522124,0.5573770491803278,0.3908045977011494,0.6462274064733081,1.0
intelligent_pruning,0.8,29,SVM,0.7131367292225201,0.28703703703703703,0.5081967213114754,0.3668639053254438,0.6493274485077764,1.0
intelligent_pruning,0.8,29,DT,0.6970509383378016,0.2833333333333333,0.5573770491803278,0.37569060773480656,0.6408680117696511,1.0
intelligent_pruning,1.0,29,LR,0.710455764075067,0.2956521739130435,0.5573770491803278,0.38636363636363635,0.6456494325346784,1.0
intelligent_pruning,1.0,29,SVM,0.6943699731903485,0.27350427350427353,0.5245901639344263,0.35955056179775285,0.6449138293400588,1.0
intelligent_pruning,1.0,29,DT,0.6970509383378016,0.2833333333333333,0.5573770491803278,0.37569060773480656,0.6408680117696511,1.0
intelligent_pruning,0.2,18,LR,0.739946380697051,0.30434782608695654,0.45901639344262296,0.36601307189542487,0.6626733921815888,0.5
intelligent_pruning,0.2,18,SVM,0.739946380697051,0.3,0.4426229508196721,0.3576158940397351,0.6496952501050861,0.5
intelligent_pruning,0.2,18,DT,0.7372654155495979,0.30927835051546393,0.4918032786885246,0.379746835443038,0.6385298444724675,0.5
intelligent_pruning,0.4,18,LR,0.7372654155495979,0.30927835051546393,0.4918032786885246,0.379746835443038,0.6600462379150904,0.5
intelligent_pruning,0.4,18,SVM,0.7345844504021448,0.29347826086956524,0.4426229508196721,0.35294117647058826,0.6473308112652375,0.5
intelligent_pruning,0.4,18,DT,0.739946380697051,0.3163265306122449,0.5081967213114754,0.389937106918239,0.6467265657839428,0.5
intelligent_pruning,0.6,18,LR,0.7184986595174263,0.2962962962962963,0.5245901639344263,0.378698224852071,0.6472257250945775,0.5
intelligent_pruning,0.6,18,SVM,0.710455764075067,0.2803738317757009,0.4918032786885246,0.3571428571428571,0.6386086591004625,0.5
intelligent_pruning,0.6,18,DT,0.7184986595174263,0.30357142857142855,0.5573770491803278,0.3930635838150288,0.6536885245901639,0.5
intelligent_pruning,0.8,18,LR,0.6702412868632708,0.25,0.5081967213114754,0.33513513513513515,0.6463324926439681,0.5
intelligent_pruning,0.8,18,SVM,0.67828418230563,0.25210084033613445,0.4918032786885246,0.3333333333333333,0.6439680538041194,0.5
intelligent_pruning,0.8,18,DT,0.6327077747989276,0.25,0.6229508196721312,0.3568075117370892,0.6287831021437579,0.5
intelligent_pruning,1.0,18,LR,0.6648793565683646,0.25,0.5245901639344263,0.3386243386243386,0.6559478772593527,0.5
intelligent_pruning,1.0,18,SVM,0.6702412868632708,0.25,0.5081967213114754,0.33513513513513515,0.6440205968894492,0.5
intelligent_pruning,1.0,18,DT,0.6327077747989276,0.2564102564102564,0.6557377049180327,0.3686635944700461,0.6419714165615805,0.5
intelligent_pruning,0.2,18,LR,0.7479892761394102,0.31868131868131866,0.47540983606557374,0.381578947368421,0.6582597730138714,0.7
intelligent_pruning,0.2,18,SVM,0.7426273458445041,0.30337078651685395,0.4426229508196721,0.36000000000000004,0.6491172761664565,0.7
intelligent_pruning,0.2,18,DT,0.7372654155495979,0.30927835051546393,0.4918032786885246,0.379746835443038,0.6385298444724675,0.7
intelligent_pruning,0.4,18,LR,0.7372654155495979,0.30526315789473685,0.47540983606557374,0.3717948717948718,0.6567360235393022,0.7
intelligent_pruning,0.4,18,SVM,0.7319034852546917,0.2903225806451613,0.4426229508196721,0.3506493506493507,0.6476986128625474,0.7
intelligent_pruning,0.4,18,DT,0.7345844504021448,0.3137254901960784,0.5245901639344263,0.39263803680981596,0.6501155947877261,0.7
intelligent_pruning,0.6,18,LR,0.7372654155495979,0.30927835051546393,0.4918032786885246,0.379746835443038,0.6501681378730558,0.7
intelligent_pruning,0.6,18,SVM,0.7238605898123325,0.2857142857142857,0.45901639344262296,0.35220125786163525,0.6517969735182849,0.7
intelligent_pruning,0.6,18,DT,0.7345844504021448,0.31,0.5081967213114754,0.3850931677018634,0.6435214375788146,0.7
intelligent_pruning,0.8,18,LR,0.7131367292225201,0.2830188679245283,0.4918032786885246,0.35928143712574845,0.6392917192097519,0.7
intelligent_pruning,0.8,18,SVM,0.7211796246648794,0.2871287128712871,0.47540983606557374,0.35802469135802467,0.6400273224043715,0.7
intelligent_pruning,0.8,18,DT,0.739946380697051,0.330188679245283,0.5737704918032787,0.41916167664670656,0.6731031946195881,0.7
intelligent_pruning,1.0,18,LR,0.6997319034852547,0.2782608695652174,0.5245901639344263,0.36363636363636365,0.6498003362757461,0.7
intelligent_pruning,1.0,18,SVM,0.6729222520107239,0.24793388429752067,0.4918032786885246,0.3296703296703297,0.6352984447246743,0.7
intelligent_pruning,1.0,18,DT,0.646112600536193,0.24087591240875914,0.5409836065573771,0.33333333333333337,0.6038251366120219,0.7
intelligent_pruning,0.2,18,LR,0.7453083109919572,0.3111111111111111,0.45901639344262296,0.3708609271523179,0.6618852459016393,0.9
intelligent_pruning,0.2,18,SVM,0.7479892761394102,0.3103448275862069,0.4426229508196721,0.36486486486486486,0.6571038251366119,0.9
intelligent_pruning,0.2,18,DT,0.739946380697051,0.3163265306122449,0.5081967213114754,0.389937106918239,0.6467265657839428,0.9
intelligent_pruning,0.4,18,LR,0.7426273458445041,0.3076923076923077,0.45901639344262296,0.3684210526315789,0.6600987810004203,0.9
intelligent_pruning,0.4,18,SVM,0.7426273458445041,0.30337078651685395,0.4426229508196721,0.36000000000000004,0.6575241698192518,0.9
intelligent_pruning,0.4,18,DT,0.739946380697051,0.3125,0.4918032786885246,0.3821656050955414,0.6401324085750315,0.9
intelligent_pruning,0.6,18,LR,0.739946380697051,0.30434782608695654,0.45901639344262296,0.36601307189542487,0.6604665825977302,0.9
intelligent_pruning,0.6,18,SVM,0.7426273458445041,0.30337078651685395,0.4426229508196721,0.36000000000000004,0.6544241277847835,0.9
intelligent_pruning,0.6,18,DT,0.7453083109919572,0.3229166666666667,0.5081967213114754,0.3949044585987262,0.649931693989071,0.9
intelligent_pruning,0.8,18,LR,0.739946380697051,0.30434782608695654,0.45901639344262296,0.36601307189542487,0.6546080285834384,0.9
intelligent_pruning,0.8,18,SVM,0.7372654155495979,0.3010752688172043,0.45901639344262296,0.36363636363636365,0.6390290037831021,0.9
intelligent_pruning,0.8,18,DT,0.7426273458445041,0.31958762886597936,0.5081967213114754,0.3924050632911393,0.6483291298865068,0.9
intelligent_pruning,1.0,18,LR,0.739946380697051,0.30851063829787234,0.47540983606557374,0.3741935483870968,0.6678751576292559,0.9
intelligent_pruning,1.0,18,SVM,0.7426273458445041,0.3157894736842105,0.4918032786885246,0.38461538461538464,0.6647225725094577,0.9
intelligent_pruning,1.0,18,DT,0.710455764075067,0.28440366972477066,0.5081967213114754,0.3647058823529412,0.6290983606557377,0.9
intelligent_pruning,0.2,18,LR,0.7426273458445041,0.3076923076923077,0.45901639344262296,0.3684210526315789,0.6610970996216898,1.0
intelligent_pruning,0.2,18,SVM,0.7506702412868632,0.313953488372093,0.4426229508196721,0.3673469387755102,0.6503783102143758,1.0
intelligent_pruning,0.2,18,DT,0.7372654155495979,0.30927835051546393,0.4918032786885246,0.379746835443038,0.6385298444724675,1.0
intelligent_pruning,0.4,18,LR,0.7453083109919572,0.3111111111111111,0.45901639344262296,0.3708609271523179,0.6601513240857503,1.0
intelligent_pruning,0.4,18,SVM,0.7479892761394102,0.3058823529411765,0.4262295081967213,0.3561643835616438,0.6574716267339218,1.0
intelligent_pruning,0.4,18,DT,0.7479892761394102,0.3263157894736842,0.5081967213114754,0.3974358974358974,0.6515342580916351,1.0
intelligent_pruning,0.6,18,LR,0.7426273458445041,0.3076923076923077,0.45901639344262296,0.3684210526315789,0.66057166876839,1.0
intelligent_pruning,0.6,18,SVM,0.7453083109919572,0.3023255813953488,0.4262295081967213,0.3537414965986394,0.6555275325767129,1.0
intelligent_pruning,0.6,18,DT,0.7479892761394102,0.3263157894736842,0.5081967213114754,0.3974358974358974,0.6515342580916351,1.0
intelligent_pruning,0.8,18,LR,0.7453083109919572,0.31521739130434784,0.47540983606557374,0.3790849673202615,0.6637505254308533,1.0
intelligent_pruning,0.8,18,SVM,0.7453083109919572,0.3023255813953488,0.4262295081967213,0.3537414965986394,0.6592580916351408,1.0
intelligent_pruning,0.8,18,DT,0.7265415549597856,0.308411214953271,0.5409836065573771,0.39285714285714285,0.6519020596889449,1.0
intelligent_pruning,1.0,18,LR,0.7453083109919572,0.31521739130434784,0.47540983606557374,0.3790849673202615,0.669609079445145,1.0
intelligent_pruning,1.0,18,SVM,0.7479892761394102,0.3146067415730337,0.45901639344262296,0.37333333333333335,0.6607818411097098,1.0
intelligent_pruning,1.0,18,DT,0.6890080428954424,0.2727272727272727,0.5409836065573771,0.3626373626373626,0.6294661622530475,1.0
intelligent_pruning,0.2,14,LR,0.8257372654155496,0.4375,0.22950819672131148,0.3010752688172043,0.6879991593106347,0.5
intelligent_pruning,0.2,14,SVM,0.8257372654155496,0.4411764705882353,0.2459016393442623,0.3157894736842105,0.6925178646490121,0.5
intelligent_pruning,0.2,14,DT,0.806970509383378,0.358974358974359,0.22950819672131148,0.27999999999999997,0.5746899957965531,0.5
intelligent_pruning,0.4,14,LR,0.8230563002680965,0.42424242424242425,0.22950819672131148,0.29787234042553196,0.701555275325767,0.5
intelligent_pruning,0.4,14,SVM,0.8257372654155496,0.4411764705882353,0.2459016393442623,0.3157894736842105,0.7055485498108448,0.5
intelligent_pruning,0.4,14,DT,0.8123324396782842,0.3902439024390244,0.26229508196721313,0.3137254901960785,0.5910834384195041,0.5
intelligent_pruning,0.6,14,LR,0.8230563002680965,0.42857142857142855,0.2459016393442623,0.3125,0.6923076923076923,0.5
intelligent_pruning,0.6,14,SVM,0.8230563002680965,0.42857142857142855,0.2459016393442623,0.3125,0.6955653635981505,0.5
intelligent_pruning,0.6,14,DT,0.8042895442359249,0.35714285714285715,0.2459016393442623,0.2912621359223301,0.5796815889029003,0.5
intelligent_pruning,0.8,14,LR,0.8230563002680965,0.42857142857142855,0.2459016393442623,0.3125,0.6969314838167296,0.5
intelligent_pruning,0.8,14,SVM,0.8257372654155496,0.4411764705882353,0.2459016393442623,0.3157894736842105,0.7075451870533838,0.5
intelligent_pruning,0.8,14,DT,0.8096514745308311,0.375,0.2459016393442623,0.29702970297029696,0.5828867171080286,0.5
intelligent_pruning,1.0,14,LR,0.8257372654155496,0.4473684210526316,0.2786885245901639,0.3434343434343435,0.6900483396385035,0.5
intelligent_pruning,1.0,14,SVM,0.8257372654155496,0.4411764705882353,0.2459016393442623,0.3157894736842105,0.7015552753257671,0.5
intelligent_pruning,1.0,14,DT,0.8176943699731903,0.4146341463414634,0.2786885245901639,0.33333333333333326,0.6008827238335436,0.5
intelligent_pruning,0.2,14,LR,0.8230563002680965,0.42424242424242425,0.22950819672131148,0.29787234042553196,0.7023434216057166,0.7
intelligent_pruning,0.2,14,SVM,0.8257372654155496,0.4411764705882353,0.2459016393442623,0.3157894736842105,0.6912568306010929,0.7
intelligent_pruning,0.2,14,DT,0.8123324396782842,0.3783783783783784,0.22950819672131148,0.28571428571428575,0.5778951240016814,0.7
intelligent_pruning,0.4,14,LR,0.8176943699731903,0.4,0.22950819672131148,0.2916666666666667,0.6950399327448508,0.7
intelligent_pruning,0.4,14,SVM,0.8257372654155496,0.4411764705882353,0.2459016393442623,0.3157894736842105,0.6962484237074401,0.7
intelligent_pruning,0.4,14,DT,0.8123324396782842,0.3783783783783784,0.22950819672131148,0.28571428571428575,0.5778951240016814,0.7
intelligent_pruning,0.6,14,LR,0.8176943699731903,0.40540540540540543,0.2459016393442623,0.30612244897959184,0.6976145439260194,0.7
intelligent_pruning,0.6,14,SVM,0.8257372654155496,0.4411764705882353,0.2459016393442623,0.3157894736842105,0.7036044556536359,0.7
intelligent_pruning,0.6,14,DT,0.8230563002680965,0.4358974358974359,0.2786885245901639,0.33999999999999997,0.6040878520386718,0.7
intelligent_pruning,0.8,14,LR,0.8257372654155496,0.45,0.29508196721311475,0.3564356435643564,0.6797498949138293,0.7
intelligent_pruning,0.8,14,SVM,0.8257372654155496,0.4411764705882353,0.2459016393442623,0.3157894736842105,0.7020807061790668,0.7
intelligent_pruning,0.8,14,DT,0.806970509383378,0.37209302325581395,0.26229508196721313,0.30769230769230765,0.5878783102143758,0.7
intelligent_pruning,1.0,14,LR,0.8257372654155496,0.4523809523809524,0.3114754098360656,0.36893203883495146,0.6716582597730139,0.7
intelligent_pruning,1.0,14,SVM,0.8257372654155496,0.45,0.29508196721311475,0.3564356435643564,0.687578814627995,0.7
intelligent_pruning,1.0,14,DT,0.8203753351206434,0.4318181818181818,0.3114754098360656,0.3619047619047619,0.6156736023539302,0.7
intelligent_pruning,0.2,14,LR,0.8257372654155496,0.4375,0.22950819672131148,0.3010752688172043,0.6953026481715006,0.9
intelligent_pruning,0.2,14,SVM,0.8257372654155496,0.4411764705882353,0.2459016393442623,0.3157894736842105,0.6887873055905842,0.9
intelligent_pruning,0.2,14,DT,0.8123324396782842,0.38461538461538464,0.2459016393442623,0.3,0.5844892812105927,0.9
intelligent_pruning,0.4,14,LR,0.8203753351206434,0.4117647058823529,0.22950819672131148,0.2947368421052632,0.6938839848675914,0.9
intelligent_pruning,0.4,14,SVM,0.8257372654155496,0.4411764705882353,0.2459016393442623,0.3157894736842105,0.7067044976881042,0.9
intelligent_pruning,0.4,14,DT,0.8150134048257373,0.40476190476190477,0.2786885245901639,0.33009708737864074,0.5992801597309794,0.9
intelligent_pruning,0.6,14,LR,0.8257372654155496,0.45,0.29508196721311475,0.3564356435643564,0.6867381252627154,0.9
intelligent_pruning,0.6,14,SVM,0.8257372654155496,0.4411764705882353,0.2459016393442623,0.3157894736842105,0.7086485918453131,0.9
intelligent_pruning,0.6,14,DT,0.8230563002680965,0.43902439024390244,0.29508196721311475,0.3529411764705882,0.610682009247583,0.9
intelligent_pruning,0.8,14,LR,0.8230563002680965,0.4418604651162791,0.3114754098360656,0.3653846153846154,0.6873160992013451,0.9
intelligent_pruning,0.8,14,SVM,0.8230563002680965,0.43902439024390244,0.29508196721311475,0.3529411764705882,0.6896805380411938,0.9
intelligent_pruning,0.8,14,DT,0.8150134048257373,0.4166666666666667,0.32786885245901637,0.36697247706422015,0.6190626313577133,0.9
intelligent_pruning,1.0,14,LR,0.8016085790884718,0.39344262295081966,0.39344262295081966,0.3934426229508196,0.6967213114754098,0.9
intelligent_pruning,1.0,14,SVM,0.8016085790884718,0.3898305084745763,0.3770491803278688,0.3833333333333333,0.6618852459016393,0.9
intelligent_pruning,1.0,14,DT,0.774798927613941,0.35802469135802467,0.47540983606557374,0.4084507042253521,0.6543715846994536,0.9
intelligent_pruning,0.2,14,LR,0.8284182305630027,0.45161290322580644,0.22950819672131148,0.30434782608695654,0.6924127784783523,1.0
intelligent_pruning,0.2,14,SVM,0.8230563002680965,0.42424242424242425,0.22950819672131148,0.29787234042553196,0.7042349726775957,1.0
intelligent_pruning,0.2,14,DT,0.8123324396782842,0.3783783783783784,0.22950819672131148,0.28571428571428575,0.5778951240016814,1.0
intelligent_pruning,0.4,14,LR,0.8203753351206434,0.4117647058823529,0.22950819672131148,0.2947368421052632,0.692675493905002,1.0
intelligent_pruning,0.4,14,SVM,0.8230563002680965,0.42424242424242425,0.22950819672131148,0.29787234042553196,0.7029213955443464,1.0
intelligent_pruning,0.4,14,DT,0.8123324396782842,0.38461538461538464,0.2459016393442623,0.3,0.5844892812105927,1.0
intelligent_pruning,0.6,14,LR,0.8310991957104558,0.47368421052631576,0.29508196721311475,0.36363636363636365,0.6852143757881464,1.0
intelligent_pruning,0.6,14,SVM,0.8257372654155496,0.4411764705882353,0.2459016393442623,0.3157894736842105,0.7042875157629256,1.0
intelligent_pruning,0.6,14,DT,0.8123324396782842,0.3902439024390244,0.26229508196721313,0.3137254901960785,0.5910834384195041,1.0
intelligent_pruning,0.8,14,LR,0.8257372654155496,0.4523809523809524,0.3114754098360656,0.36893203883495146,0.6774905422446406,1.0
intelligent_pruning,0.8,14,SVM,0.8230563002680965,0.4358974358974359,0.2786885245901639,0.33999999999999997,0.6891025641025641,1.0
intelligent_pruning,0.8,14,DT,0.7989276139410187,0.36538461538461536,0.3114754098360656,0.336283185840708,0.6028530895334175,1.0
intelligent_pruning,1.0,14,LR,0.8096514745308311,0.41379310344827586,0.39344262295081966,0.40336134453781514,0.6682429592265657,1.0
intelligent_pruning,1.0,14,SVM,0.7801608579088471,0.3333333333333333,0.3442622950819672,0.3387096774193548,0.6520071458596048,1.0
intelligent_pruning,1.0,14,DT,0.7774798927613941,0.3625,0.47540983606557374,0.4113475177304965,0.6559741488020177,1.0
intelligent_pruning,0.2,87,LR,0.7426273458445041,0.32323232323232326,0.5245901639344263,0.4000000000000001,0.6662463219840269,0.5
intelligent_pruning,0.2,87,SVM,0.7265415549597856,0.27956989247311825,0.4262295081967213,0.3376623376623376,0.6510613703236653,0.5
intelligent_pruning,0.2,87,DT,0.7211796246648794,0.29523809523809524,0.5081967213114754,0.3734939759036145,0.635508617065994,0.5
intelligent_pruning,0.4,87,LR,0.739946380697051,0.3235294117647059,0.5409836065573771,0.40490797546012275,0.6640920554854981,0.5
intelligent_pruning,0.4,87,SVM,0.7238605898123325,0.28125,0.4426229508196721,0.34394904458598724,0.6417087011349306,0.5
intelligent_pruning,0.4,87,DT,0.710455764075067,0.2882882882882883,0.5245901639344263,0.3720930232558139,0.6356925178646491,0.5
intelligent_pruning,0.6,87,LR,0.707774798927614,0.29310344827586204,0.5573770491803278,0.38418079096045193,0.6610445565363597,0.5
intelligent_pruning,0.6,87,SVM,0.6943699731903485,0.26956521739130435,0.5081967213114754,0.35227272727272724,0.64281210592686,0.5
intelligent_pruning,0.6,87,DT,0.6702412868632708,0.26153846153846155,0.5573770491803278,0.356020942408377,0.6248423707440101,0.5
intelligent_pruning,0.8,87,LR,0.6943699731903485,0.2845528455284553,0.5737704918032787,0.3804347826086956,0.6608343841950399,0.5
intelligent_pruning,0.8,87,SVM,0.6943699731903485,0.27350427350427353,0.5245901639344263,0.35955056179775285,0.641025641025641,0.5
intelligent_pruning,0.8,87,DT,0.6595174262734584,0.25735294117647056,0.5737704918032787,0.35532994923857864,0.625026271542665,0.5
intelligent_pruning,1.0,87,LR,0.6809651474530831,0.2734375,0.5737704918032787,0.37037037037037035,0.6607818411097099,0.5
intelligent_pruning,1.0,87,SVM,0.675603217158177,0.2540983606557377,0.5081967213114754,0.3387978142076502,0.6390290037831021,0.5
intelligent_pruning,1.0,87,DT,0.6568364611260054,0.25547445255474455,0.5737704918032787,0.35353535353535354,0.6234237074401009,0.5
intelligent_pruning,0.2,87,LR,0.7479892761394102,0.3333333333333333,0.5409836065573771,0.4125,0.6664039512400168,0.7
intelligent_pruning,0.2,87,SVM,0.7292225201072386,0.2826086956521739,0.4262295081967213,0.33986928104575165,0.6532681799075242,0.7
intelligent_pruning,0.2,87,DT,0.7131367292225201,0.27450980392156865,0.45901639344262296,0.343558282208589,0.6109184531315679,0.7
intelligent_pruning,0.4,87,LR,0.739946380697051,0.32,0.5245901639344263,0.3975155279503106,0.66083438419504,0.7
intelligent_pruning,0.4,87,SVM,0.7319034852546917,0.29473684210526313,0.45901639344262296,0.358974358974359,0.6517444304329549,0.7
intelligent_pruning,0.4,87,DT,0.7211796246648794,0.2912621359223301,0.4918032786885246,0.36585365853658536,0.6289144598570828,0.7
intelligent_pruning,0.6,87,LR,0.7319034852546917,0.3106796116504854,0.5245901639344263,0.39024390243902435,0.6636191677175284,0.7
intelligent_pruning,0.6,87,SVM,0.7238605898123325,0.2857142857142857,0.45901639344262296,0.35220125786163525,0.6441256830601093,0.7
intelligent_pruning,0.6,87,DT,0.7158176943699732,0.29357798165137616,0.5245901639344263,0.37647058823529417,0.6388976460697773,0.7
intelligent_pruning,0.8,87,LR,0.7211796246648794,0.3063063063063063,0.5573770491803278,0.3953488372093023,0.6622005044136191,0.7
intelligent_pruning,0.8,87,SVM,0.7050938337801609,0.27522935779816515,0.4918032786885246,0.35294117647058826,0.6377679697351829,0.7
intelligent_pruning,0.8,87,DT,0.6970509383378016,0.2796610169491525,0.5409836065573771,0.3687150837988827,0.6342738545607398,0.7
intelligent_pruning,1.0,87,LR,0.6836461126005362,0.2755905511811024,0.5737704918032787,0.3723404255319149,0.6603614964270701,0.7
intelligent_pruning,1.0,87,SVM,0.675603217158177,0.25806451612903225,0.5245901639344263,0.3459459459459459,0.6340374106767548,0.7
intelligent_pruning,1.0,87,DT,0.6514745308310992,0.2620689655172414,0.6229508196721312,0.36893203883495146,0.6400010508617067,0.7
intelligent_pruning,0.2,87,LR,0.7426273458445041,0.31958762886597936,0.5081967213114754,0.3924050632911393,0.6657734342160572,0.9
intelligent_pruning,0.2,87,SVM,0.7292225201072386,0.2727272727272727,0.39344262295081966,0.3221476510067114,0.6542664985287936,0.9
intelligent_pruning,0.2,87,DT,0.7238605898123325,0.29,0.47540983606557374,0.3602484472049689,0.6239228667507355,0.9
intelligent_pruning,0.4,87,LR,0.7453083109919572,0.32653061224489793,0.5245901639344263,0.4025157232704402,0.6690311055065153,0.9
intelligent_pruning,0.4,87,SVM,0.7292225201072386,0.2826086956521739,0.4262295081967213,0.33986928104575165,0.6513240857503153,0.9
intelligent_pruning,0.4,87,DT,0.7158176943699732,0.2857142857142857,0.4918032786885246,0.3614457831325301,0.6257093316519546,0.9
intelligent_pruning,0.6,87,LR,0.739946380697051,0.32,0.5245901639344263,0.3975155279503106,0.6616750735603195,0.9
intelligent_pruning,0.6,87,SVM,0.7238605898123325,0.2717391304347826,0.4098360655737705,0.32679738562091504,0.6507986548970155,0.9
intelligent_pruning,0.6,87,DT,0.7131367292225201,0.28703703703703703,0.5081967213114754,0.3668639053254438,0.6307009247583018,0.9
intelligent_pruning,0.8,87,LR,0.7426273458445041,0.32673267326732675,0.5409836065573771,0.40740740740740744,0.6675598991172762,0.9
intelligent_pruning,0.8,87,SVM,0.7292225201072386,0.2872340425531915,0.4426229508196721,0.3483870967741936,0.6430222782681799,0.9
intelligent_pruning,0.8,87,DT,0.7131367292225201,0.2909090909090909,0.5245901639344263,0.3742690058479532,0.6372950819672131,0.9
intelligent_pruning,1.0,87,LR,0.7345844504021448,0.31,0.5081967213114754,0.3850931677018634,0.6628310214375789,0.9
intelligent_pruning,1.0,87,SVM,0.7265415549597856,0.28865979381443296,0.45901639344262296,0.35443037974683544,0.628888188314418,0.9
intelligent_pruning,1.0,87,DT,0.710455764075067,0.28440366972477066,0.5081967213114754,0.3647058823529412,0.6290983606557377,0.9
intelligent_pruning,0.2,87,LR,0.7426273458445041,0.31958762886597936,0.5081967213114754,0.3924050632911393,0.6629361076082387,1.0
intelligent_pruning,0.2,87,SVM,0.7319034852546917,0.27586206896551724,0.39344262295081966,0.32432432432432434,0.6536885245901639,1.0
intelligent_pruning,0.2,87,DT,0.7238605898123325,0.29411764705882354,0.4918032786885246,0.3680981595092025,0.6305170239596469,1.0
intelligent_pruning,0.4,87,LR,0.7426273458445041,0.31958762886597936,0.5081967213114754,0.3924050632911393,0.6649852879361077,1.0
intelligent_pruning,0.4,87,SVM,0.7345844504021448,0.2840909090909091,0.4098360655737705,0.33557046979865773,0.6509037410676755,1.0
intelligent_pruning,0.4,87,DT,0.7265415549597856,0.30097087378640774,0.5081967213114754,0.3780487804878048,0.6387137452711222,1.0
intelligent_pruning,0.6,87,LR,0.739946380697051,0.3163265306122449,0.5081967213114754,0.389937106918239,0.6633564522908785,1.0
intelligent_pruning,0.6,87,SVM,0.7345844504021448,0.2840909090909091,0.4098360655737705,0.33557046979865773,0.6468053804119378,1.0
intelligent_pruning,0.6,87,DT,0.7238605898123325,0.29411764705882354,0.4918032786885246,0.3680981595092025,0.6305170239596469,1.0
intelligent_pruning,0.8,87,LR,0.739946380697051,0.3163265306122449,0.5081967213114754,0.389937106918239,0.6638293400588482,1.0
intelligent_pruning,0.8,87,SVM,0.739946380697051,0.29545454545454547,0.4262295081967213,0.348993288590604,0.6458070617906683,1.0
intelligent_pruning,0.8,87,DT,0.7211796246648794,0.29906542056074764,0.5245901639344263,0.380952380952381,0.6421027742749055,1.0
intelligent_pruning,1.0,87,LR,0.739946380697051,0.3163265306122449,0.5081967213114754,0.389937106918239,0.6598623371164355,1.0
intelligent_pruning,1.0,87,SVM,0.7319034852546917,0.2857142857142857,0.4262295081967213,0.34210526315789475,0.6362442202606137,1.0
intelligent_pruning,1.0,87,DT,0.710455764075067,0.2803738317757009,0.4918032786885246,0.3571428571428571,0.6225042034468264,1.0
